filename,bbox,number
2025_02_20-15_03_54.jpg,"[1225, 2675, 1512, 2904]",20
2025_02_20-15_03_21.jpg,"[1251, 2697, 1549, 2921]",19
2025_02_20-15_00_45.jpg,"[1558, 2760, 1788, 2948]",15
2025_02_20-15_00_22.jpg,"[1453, 2640, 1711, 2830]",14
2025_02_20-14_59_45.jpg,"[1662, 2636, 1870, 2824]",13
2025_02_20-14_53_17.jpg,"[1607, 2633, 1864, 2806]",10
2025_02_20-14_51_10.jpg,"[1337, 2723, 1517, 2939]",8
2025_02_20-14_49_00.jpg,"[1597, 2723, 1769, 2897]",4
2025_02_20-12_58_34.jpg,"[1222, 2694, 1516, 2933]",20
2025_02_20-12_58_19.jpg,"[1246, 2690, 1540, 2904]",19
2025_02_20-12_57_32.jpg,"[1265, 2739, 1504, 2906]",16
2025_02_20-12_57_11.jpg,"[1541, 2753, 1777, 2949]",15
2025_02_20-12_56_56.jpg,"[1484, 2630, 1714, 2796]",14
2025_02_20-12_55_50.jpg,"[1370, 2704, 1568, 2870]",12
2025_02_20-12_54_57.jpg,"[1639, 2641, 1896, 2816]",10
2025_02_20-12_54_04.jpg,"[1366, 2714, 1552, 2930]",8
2025_02_20-12_49_26.jpg,"[1596, 2696, 1862, 2874]",20
2025_02_20-12_48_25.jpg,"[1205, 2736, 1469, 2917]",18
2025_02_20-12_47_27.jpg,"[1151, 2673, 1412, 2870]",19
2025_02_20-12_42_00.jpg,"[1516, 2653, 1760, 2845]",16
2025_02_20-12_41_15.jpg,"[1316, 2632, 1558, 2820]",15
2025_02_20-12_36_23.jpg,"[1203, 2626, 1468, 2827]",14
2025_02_20-12_35_03.jpg,"[1501, 2583, 1753, 2805]",13
2025_02_20-12_34_41.jpg,"[1433, 2559, 1635, 2731]",12
2025_02_20-12_33_09.jpg,"[1179, 2671, 1391, 2873]",10
2025_02_20-12_32_40.jpg,"[1397, 2569, 1573, 2769]",9
2025_02_20-12_30_58.jpg,"[1606, 2680, 1774, 2868]",6
2025_02_20-12_26_16.jpg,"[1534, 2528, 1730, 2743]",8
2025_02_20-12_24_37.jpg,"[1459, 2611, 1655, 2829]",5
2025_02_20-12_23_15.jpg,"[1462, 2524, 1650, 2722]",2
2025_02_20-12_21_28.jpg,"[1600, 2699, 1885, 2915]",20
2025_02_20-12_20_44.jpg,"[1145, 2609, 1369, 2828]",19
2025_02_20-12_19_39.jpg,"[1227, 2735, 1493, 2939]",18
2025_02_20-12_18_57.jpg,"[1494, 2639, 1741, 2828]",16
2025_02_20-12_18_32.jpg,"[1284, 2618, 1524, 2802]",15
2025_02_20-12_18_05.jpg,"[1194, 2664, 1442, 2850]",14
2025_02_20-12_15_55.jpg,"[1509, 2623, 1753, 2849]",13
2025_02_20-12_15_40.jpg,"[1444, 2493, 1665, 2680]",12
2025_02_20-12_15_15.jpg,"[1201, 2631, 1376, 2859]",10
2025_02_20-12_15_02.jpg,"[1417, 2522, 1596, 2715]",9
2025_02_20-12_14_51.jpg,"[1550, 2552, 1736, 2746]",8
2025_02_20-12_14_33.jpg,"[1603, 2661, 1791, 2880]",7
2025_02_20-12_14_20.jpg,"[1631, 2674, 1797, 2888]",6
2025_02_20-12_14_07.jpg,"[1454, 2590, 1642, 2806]",5
2025_02_20-12_13_25.jpg,"[1496, 2564, 1664, 2754]",2
2025_02_13-15_57_52.jpg,"[1432, 2662, 1640, 2874]",41
2025_02_13-15_57_34.jpg,"[1461, 2681, 1663, 2881]",41
2025_02_13-15_57_10.jpg,"[1498, 2618, 1712, 2846]",40
2025_02_13-15_56_56.jpg,"[1498, 2614, 1710, 2840]",40
2025_02_13-15_56_25.jpg,"[1487, 2613, 1731, 2838]",39
2025_02_13-15_56_08.jpg,"[1497, 2599, 1781, 2819]",38
2025_02_13-15_55_34.jpg,"[1537, 2637, 1823, 2863]",38
2025_02_13-15_54_52.jpg,"[1470, 2620, 1731, 2869]",37
2025_02_13-15_54_30.jpg,"[1472, 2628, 1752, 2857]",37
2025_02_13-15_52_08.jpg,"[1458, 2584, 1742, 2791]",36
2025_02_13-15_52_00.jpg,"[1441, 2609, 1725, 2811]",36
2025_02_13-15_51_30.jpg,"[1570, 2626, 1909, 2846]",35
2025_02_13-15_51_23.jpg,"[1563, 2620, 1901, 2840]",55
2025_02_13-15_50_46.jpg,"[1596, 2672, 1815, 2878]",34
2025_02_13-15_50_14.jpg,"[1478, 2653, 1724, 2854]",33
2025_02_13-15_49_34.jpg,"[1561, 2616, 1874, 2868]",32
2025_02_13-15_49_20.jpg,"[1564, 2629, 1884, 2871]",32
2025_02_13-15_48_45.jpg,"[1569, 2593, 1933, 2889]",31
2025_02_13-15_47_39.jpg,"[1619, 2593, 1987, 2897]",31
2025_02_13-15_47_12.jpg,"[1210, 2678, 1474, 2888]",30
2025_02_13-15_46_04.jpg,"[1294, 2688, 1562, 2900]",30
2025_02_13-15_45_52.jpg,"[1349, 2633, 1623, 2855]",29
2025_02_13-15_44_35.jpg,"[1375, 2667, 1647, 2889]",29
2025_02_13-15_44_20.jpg,"[1563, 2621, 1857, 2865]",28
2025_02_13-15_43_09.jpg,"[1594, 2626, 1884, 2862]",28
2025_02_13-15_40_40.jpg,"[1552, 2620, 1886, 2917]",27
2025_02_13-15_39_47.jpg,"[1560, 2668, 1895, 2966]",27
2025_02_13-15_39_11.jpg,"[1326, 2592, 1635, 2873]",26
2025_02_13-15_38_38.jpg,"[1341, 2611, 1647, 2883]",26
2025_02_13-15_37_57.jpg,"[1219, 2586, 1483, 2883]",25
2025_02_13-15_36_24.jpg,"[1276, 2590, 1591, 2847]",25
2025_02_13-15_35_57.jpg,"[1289, 2659, 1597, 2929]",24
2025_02_13-15_35_29.jpg,"[1328, 2648, 1634, 2912]",24
2025_02_13-15_35_10.jpg,"[1604, 2616, 1946, 2896]",23
2025_02_13-15_34_51.jpg,"[1619, 2595, 1926, 2833]",23
2025_02_13-15_27_38.jpg,"[1326, 2634, 1580, 2848]",22
2025_02_13-15_27_31.jpg,"[1330, 2636, 1586, 2848]",22
2025_02_13-15_26_43.jpg,"[1648, 2658, 1896, 2846]",21
2025_02_13-15_25_56.jpg,"[1369, 2689, 1647, 2911]",20
2025_02_13-15_24_22.jpg,"[1601, 2569, 1883, 2817]",19
2025_02_13-15_23_19.jpg,"[1648, 2586, 1910, 2776]",19
2025_02_13-15_22_43.jpg,"[1634, 2723, 1919, 2917]",18
2025_02_13-15_22_28.jpg,"[1623, 2725, 1911, 2908]",18
2025_02_13-15_22_04.jpg,"[1664, 2679, 1929, 2857]",17
2025_02_13-15_20_20.jpg,"[1160, 2642, 1364, 2886]",16
2025_02_13-15_15_31.jpg,"[1655, 2647, 1957, 2897]",13
2025_02_13-15_15_23.jpg,"[1649, 2617, 1943, 2867]",13
2025_02_13-15_10_13.jpg,"[1601, 2681, 1809, 2862]",10
2025_02_13-15_08_59.jpg,"[1643, 2682, 1806, 2826]",10
2025_02_13-15_03_32.jpg,"[1582, 2680, 1720, 2862]",6
2025_02_13-15_03_04.jpg,"[1598, 2638, 1788, 2842]",5
2025_02_13-15_01_56.jpg,"[1594, 2640, 1784, 2840]",5
2025_02_13-15_00_35.jpg,"[1514, 2640, 1669, 2824]",4
2025_02_13-15_00_20.jpg,"[1538, 2668, 1726, 2876]",4
2025_02_13-14_59_28.jpg,"[1607, 2675, 1805, 2873]",3
2025_02_13-14_57_14.jpg,"[1702, 2652, 1894, 2850]",3
2025_02_13-14_56_57.jpg,"[1692, 2578, 1852, 2778]",2
2025_02_13-14_55_05.jpg,"[1626, 2582, 1790, 2784]",2
2025_02_13-14_38_33.jpg,"[1572, 2616, 1850, 2852]",20
2025_02_13-14_32_23.jpg,"[1340, 2670, 1607, 2859]",16
2025_02_13-14_31_44.jpg,"[1521, 2619, 1761, 2817]",15
2025_02_13-14_18_51.jpg,"[1623, 2713, 1843, 2891]",11
2025_02_13-14_17_51.jpg,"[1670, 2700, 1936, 2903]",10
2025_02_13-14_16_38.jpg,"[1367, 2553, 1523, 2739]",8
2025_02_13-13_03_19.jpg,"[1553, 2585, 1827, 2813]",20
2025_02_13-13_02_10.jpg,"[1325, 2677, 1565, 2849]",16
2025_02_13-13_01_58.jpg,"[1495, 2635, 1735, 2831]",15
2025_02_13-13_00_06.jpg,"[1664, 2726, 1930, 2924]",10
2025_02_13-12_59_48.jpg,"[1556, 2712, 1716, 2884]",9
2025_02_13-12_59_34.jpg,"[1297, 2553, 1451, 2733]",8
2025_02_13-12_29_12.jpg,"[1561, 2739, 1799, 2943]",22
2025_02_13-12_25_46.jpg,"[1614, 2758, 1892, 2968]",20
2025_02_13-12_25_30.jpg,"[1627, 2625, 1927, 2869]",19
2025_02_13-12_25_14.jpg,"[1570, 2742, 1842, 2932]",18
2025_02_13-12_24_57.jpg,"[1599, 2717, 1819, 2871]",17
2025_02_13-12_24_41.jpg,"[1591, 2663, 1841, 2853]",16
2025_02_13-12_24_26.jpg,"[1223, 2669, 1491, 2882]",15
2025_02_13-12_24_12.jpg,"[1427, 2727, 1687, 2927]",14
2025_02_13-12_23_57.jpg,"[1334, 2742, 1550, 2932]",13
2025_02_13-12_23_21.jpg,"[1297, 2743, 1513, 2903]",12
2025_02_13-12_22_30.jpg,"[1312, 2751, 1580, 2923]",10
2025_02_13-12_18_06.jpg,"[1266, 2754, 1494, 2966]",9
2025_02_13-12_17_49.jpg,"[1355, 2757, 1511, 2949]",8
2025_02_13-12_17_22.jpg,"[1305, 2747, 1453, 2931]",6
2025_02_13-12_17_05.jpg,"[1657, 2717, 1833, 2919]",5
2025_02_13-12_16_32.jpg,"[1492, 2696, 1676, 2894]",3
2025_02_13-12_15_56.jpg,"[1313, 2701, 1511, 2879]",1
2025_02_13-11_48_14.jpg,"[1590, 2734, 1822, 2926]",22
2025_02_13-11_47_45.jpg,"[1615, 2743, 1889, 2945]",20
2025_02_13-11_14_29.jpg,"[1648, 2647, 1948, 2869]",19
2025_02_13-11_11_15.jpg,"[1642, 2726, 1916, 2914]",18
2025_02_13-11_10_32.jpg,"[1601, 2757, 1827, 2911]",17
2025_02_13-11_10_04.jpg,"[1596, 2690, 1846, 2876]",16
2025_02_13-11_09_40.jpg,"[1250, 2667, 1470, 2896]",15
2025_02_13-11_09_19.jpg,"[1573, 2703, 1835, 2899]",14
2025_02_13-11_07_37.jpg,"[1269, 2727, 1489, 2927]",13
2025_02_13-11_06_15.jpg,"[1237, 2743, 1507, 2921]",10
2025_02_13-11_05_54.jpg,"[1350, 2786, 1538, 2996]",9
2025_02_13-11_05_29.jpg,"[1391, 2767, 1545, 2953]",8
2025_02_13-11_01_58.jpg,"[1312, 2778, 1452, 2950]",6
2025_02_13-11_01_14.jpg,"[1625, 2713, 1797, 2915]",5
2025_02_13-10_58_31.jpg,"[1617, 2699, 1795, 2895]",3
2025_02_13-10_55_14.jpg,"[1311, 2711, 1503, 2889]",1
2025_02_10-14_49_48.jpg,"[1336, 2676, 1480, 2850]",1
2025_02_10-14_48_34.jpg,"[1506, 2640, 1672, 2838]",3
2025_02_10-14_47_54.jpg,"[1643, 2689, 1795, 2861]",4
2025_02_10-14_47_02.jpg,"[1566, 2734, 1732, 2944]",5
2025_02_10-14_45_47.jpg,"[1360, 2724, 1496, 2896]",6
2025_02_10-14_43_05.jpg,"[1617, 2595, 1819, 2843]",9
2025_02_10-14_41_54.jpg,"[1588, 2652, 1862, 2863]",11
2025_02_10-14_41_14.jpg,"[1675, 2649, 1905, 2851]",12
2025_02_10-14_40_16.jpg,"[1535, 2666, 1799, 2857]",13
2025_02_10-14_36_11.jpg,"[1705, 2600, 1973, 2824]",15
2025_02_10-14_35_30.jpg,"[1481, 2671, 1767, 2891]",16
2025_02_10-14_34_58.jpg,"[1234, 2662, 1484, 2854]",17
2025_02_10-14_33_35.jpg,"[1703, 2664, 1976, 2891]",18
2025_02_10-14_32_55.jpg,"[1650, 2694, 1931, 2888]",19
2025_02_10-14_31_59.jpg,"[1603, 2661, 1887, 2869]",20
2025_02_10-14_30_42.jpg,"[1638, 2690, 1888, 2898]",21
2025_02_10-14_29_26.jpg,"[1672, 2740, 1909, 2961]",22
2025_02_10-14_28_20.jpg,"[1632, 2668, 1870, 2882]",24
2025_02_10-14_27_32.jpg,"[1693, 2685, 1962, 2917]",25
2025_02_10-14_26_20.jpg,"[1593, 2653, 1837, 2877]",26
2025_02_10-14_25_24.jpg,"[1640, 2676, 1898, 2916]",27
2025_02_07-14_39_50.jpg,"[1447, 2587, 1645, 2793]",41
2025_02_07-14_38_35.jpg,"[1492, 2519, 1671, 2731]",42
2025_02_07-14_38_13.jpg,"[1379, 2347, 1627, 2569]",43
2025_02_07-14_36_51.jpg,"[1292, 2408, 1534, 2648]",44
2025_02_07-14_36_30.jpg,"[1344, 2469, 1611, 2698]",45
2025_02_07-14_36_07.jpg,"[1494, 2450, 1738, 2688]",46
2025_02_07-14_35_39.jpg,"[1476, 2552, 1726, 2784]",40
2025_02_07-14_32_51.jpg,"[1580, 2597, 1817, 2774]",39
2025_02_07-14_32_02.jpg,"[1334, 2674, 1558, 2862]",38
2025_02_07-14_28_09.jpg,"[1310, 2726, 1528, 2912]",37
2025_02_07-14_27_37.jpg,"[1645, 2665, 1869, 2865]",36
2025_02_07-14_27_12.jpg,"[1464, 2383, 1697, 2582]",35
2025_02_07-14_26_38.jpg,"[1381, 2636, 1642, 2860]",34
2025_02_07-14_26_20.jpg,"[1414, 2558, 1642, 2772]",33
2025_02_07-14_25_58.jpg,"[1619, 2593, 1841, 2791]",32
2025_02_07-14_25_24.jpg,"[1457, 2727, 1655, 2907]",31
2025_02_07-14_24_42.jpg,"[1425, 2639, 1629, 2813]",30
2025_02_07-14_24_19.jpg,"[1485, 2625, 1673, 2803]",29
2025_02_07-14_23_07.jpg,"[1649, 2573, 1824, 2745]",27
2025_02_07-14_22_42.jpg,"[1239, 2571, 1469, 2793]",26
2025_02_07-14_21_58.jpg,"[1477, 2631, 1687, 2809]",25
2025_02_07-13_08_42.jpg,"[1535, 2683, 1729, 2857]",24
2025_02_07-13_06_52.jpg,"[1465, 2431, 1669, 2611]",22
2025_02_07-13_06_02.jpg,"[1339, 2549, 1517, 2701]",21
2025_02_07-13_03_26.jpg,"[1778, 2544, 1992, 2712]",20
2025_02_07-13_02_45.jpg,"[1527, 2741, 1739, 2943]",19
2025_02_07-12_56_28.jpg,"[1316, 2712, 1502, 2898]",17
2025_02_07-12_56_09.jpg,"[1516, 2434, 1728, 2646]",16
2025_02_07-12_55_51.jpg,"[1481, 2582, 1709, 2743]",15
2025_02_07-12_55_27.jpg,"[1473, 2577, 1645, 2753]",14
2025_02_07-12_55_03.jpg,"[1605, 2493, 1799, 2671]",13
2025_02_07-12_54_44.jpg,"[1708, 2720, 1910, 2881]",12
2025_02_07-12_53_37.jpg,"[1469, 2569, 1617, 2749]",9
2025_02_07-12_53_10.jpg,"[1428, 2484, 1596, 2680]",8
2025_02_07-12_52_20.jpg,"[1345, 2575, 1499, 2761]",6
2025_02_07-12_51_58.jpg,"[1822, 2554, 1964, 2734]",5
2025_02_07-12_45_03.jpg,"[1402, 2378, 1590, 2592]",2
2025_02_07-10_27_19.jpg,"[1502, 2452, 1744, 2692]",46
2025_02_07-10_27_02.jpg,"[1284, 2486, 1566, 2733]",45
2025_02_07-10_26_46.jpg,"[1312, 2414, 1552, 2652]",44
2025_02_07-10_26_24.jpg,"[1423, 2346, 1687, 2581]",43
2025_02_07-10_26_07.jpg,"[1394, 2512, 1574, 2725]",42
2025_02_07-10_25_50.jpg,"[1515, 2607, 1713, 2813]",41
2025_02_07-10_25_35.jpg,"[1504, 2538, 1750, 2772]",40
2025_02_07-10_25_21.jpg,"[1611, 2614, 1850, 2787]",39
2025_02_07-10_25_01.jpg,"[1290, 2694, 1516, 2884]",38
2025_02_07-10_24_39.jpg,"[1330, 2672, 1544, 2856]",37
2025_02_07-10_24_18.jpg,"[1611, 2645, 1837, 2847]",36
2025_02_07-10_23_47.jpg,"[1472, 2376, 1698, 2568]",35
2025_02_07-10_23_26.jpg,"[1450, 2592, 1688, 2792]",34
2025_02_07-10_23_03.jpg,"[1402, 2514, 1630, 2724]",33
2025_02_07-10_22_47.jpg,"[1599, 2559, 1817, 2759]",32
2025_02_07-10_22_27.jpg,"[1415, 2661, 1617, 2841]",31
2025_02_07-10_22_12.jpg,"[1405, 2665, 1611, 2839]",30
2025_02_07-10_21_53.jpg,"[1581, 2637, 1765, 2817]",29
2025_02_07-10_21_15.jpg,"[1620, 2585, 1813, 2754]",27
2025_02_07-10_21_01.jpg,"[1219, 2561, 1449, 2781]",26
2025_02_07-10_19_10.jpg,"[1517, 2617, 1729, 2797]",25
2025_02_07-10_15_11.jpg,"[1583, 2711, 1778, 2879]",24
2025_02_07-10_14_29.jpg,"[1497, 2501, 1695, 2675]",22
2025_02_07-10_14_13.jpg,"[1349, 2595, 1527, 2749]",21
2025_02_07-10_13_52.jpg,"[1751, 2533, 1969, 2713]",20
2025_02_07-10_13_31.jpg,"[1596, 2752, 1800, 2943]",19
2025_02_07-10_12_47.jpg,"[1363, 2713, 1543, 2895]",17
2025_02_07-10_12_31.jpg,"[1547, 2487, 1751, 2695]",16
2025_02_07-10_12_07.jpg,"[1496, 2579, 1725, 2741]",15
2025_02_07-10_11_50.jpg,"[1452, 2598, 1618, 2770]",14
2025_02_07-10_11_28.jpg,"[1587, 2447, 1779, 2625]",13
2025_02_07-10_11_13.jpg,"[1656, 2762, 1872, 2948]",12
2025_02_07-10_10_14.jpg,"[1487, 2617, 1639, 2803]",9
2025_02_07-10_09_54.jpg,"[1443, 2507, 1641, 2717]",8
2025_02_07-10_09_17.jpg,"[1341, 2583, 1495, 2763]",6
2025_02_07-10_09_01.jpg,"[1806, 2594, 1950, 2768]",5
2025_02_07-10_08_43.jpg,"[1491, 2643, 1619, 2787]",4
2025_02_07-10_08_11.jpg,"[1427, 2377, 1607, 2583]",2
2025_02_20-15_08_28.jpg,"[1321, 2702, 1564, 2890]",18
2025_02_20-15_02_37.jpg,"[1317, 2669, 1552, 2869]",17
2025_02_20-15_01_12.jpg,"[1301, 2756, 1546, 2941]",16
2025_02_20-14_59_19.jpg,"[1352, 2674, 1586, 2858]",12
2025_02_20-14_54_42.jpg,"[1465, 2681, 1677, 2829]",11
2025_02_20-14_54_02.jpg,"[1527, 2660, 1672, 2842]",9
2025_02_20-14_50_42.jpg,"[1586, 2697, 1763, 2878]",7
2025_02_20-14_50_09.jpg,"[1645, 2724, 1793, 2889]",6
2025_02_20-14_49_40.jpg,"[1311, 2766, 1470, 2943]",5
2025_02_20-14_47_58.jpg,"[1549, 2682, 1704, 2869]",3
2025_02_20-14_47_27.jpg,"[1573, 2748, 1720, 2921]",2
2025_02_20-14_46_10.jpg,"[1547, 2713, 1686, 2886]",1
2025_02_20-12_58_06.jpg,"[1104, 2738, 1323, 2929]",18
2025_02_20-12_57_43.jpg,"[1311, 2675, 1546, 2870]",17
2025_02_20-12_56_05.jpg,"[1616, 2645, 1838, 2842]",13
2025_02_20-12_55_31.jpg,"[1514, 2674, 1708, 2838]",11
2025_02_20-12_54_45.jpg,"[1510, 2667, 1651, 2842]",9
2025_02_20-12_53_13.jpg,"[1559, 2726, 1733, 2905]",7
2025_02_20-12_52_56.jpg,"[1630, 2750, 1779, 2913]",6
2025_02_20-12_52_38.jpg,"[1278, 2772, 1431, 2945]",5
2025_02_20-12_52_06.jpg,"[1577, 2715, 1743, 2882]",4
2025_02_20-12_51_50.jpg,"[1604, 2741, 1763, 2932]",3
2025_02_20-12_51_26.jpg,"[1568, 2748, 1712, 2920]",2
2025_02_20-12_51_11.jpg,"[1542, 2719, 1677, 2894]",1
2025_02_20-12_46_54.jpg,"[1352, 2727, 1620, 2893]",17
2025_02_20-12_33_54.jpg,"[1467, 2653, 1630, 2825]",11
2025_02_20-12_31_21.jpg,"[1569, 2610, 1763, 2855]",7
2025_02_20-12_30_12.jpg,"[1654, 2634, 1820, 2849]",4
2025_02_20-12_28_44.jpg,"[1569, 2741, 1723, 2932]",1
2025_02_20-12_23_45.jpg,"[1315, 2722, 1488, 2897]",3
2025_02_20-12_19_24.jpg,"[1382, 2674, 1640, 2842]",17
2025_02_20-12_15_27.jpg,"[1468, 2621, 1632, 2791]",11
2025_02_20-12_13_48.jpg,"[1668, 2633, 1833, 2851]",4
2025_02_20-12_13_35.jpg,"[1333, 2736, 1500, 2919]",3
2025_02_20-12_13_09.jpg,"[1511, 2710, 1672, 2893]",1
2025_02_13-15_56_41.jpg,"[1446, 2624, 1704, 2840]",39
2025_02_13-15_50_28.jpg,"[1590, 2674, 1810, 2876]",34
2025_02_13-15_50_05.jpg,"[1481, 2665, 1748, 2878]",33
2025_02_13-15_26_35.jpg,"[1647, 2633, 1908, 2844]",21
2025_02_13-15_21_12.jpg,"[1606, 2673, 1863, 2866]",17
2025_02_13-15_19_01.jpg,"[1104, 2673, 1343, 2903]",16
2025_02_13-15_18_16.jpg,"[1636, 2685, 1892, 2902]",15
2025_02_13-15_17_17.jpg,"[1600, 2717, 1857, 2937]",15
2025_02_13-15_16_29.jpg,"[1354, 2638, 1601, 2819]",14
2025_02_13-15_15_56.jpg,"[1409, 2661, 1655, 2840]",14
2025_02_13-15_14_50.jpg,"[1778, 2581, 2045, 2779]",12
2025_02_13-15_13_45.jpg,"[1795, 2563, 2062, 2766]",12
2025_02_13-15_12_14.jpg,"[1654, 2721, 1807, 2877]",11
2025_02_13-15_11_03.jpg,"[1645, 2746, 1792, 2897]",11
2025_02_13-15_07_57.jpg,"[1528, 2622, 1703, 2794]",9
2025_02_13-15_06_39.jpg,"[1482, 2611, 1662, 2827]",9
2025_02_13-15_06_15.jpg,"[1581, 2666, 1733, 2846]",8
2025_02_13-15_04_45.jpg,"[1583, 2588, 1772, 2826]",8
2025_02_13-15_04_24.jpg,"[1429, 2717, 1563, 2875]",7
2025_02_13-15_04_18.jpg,"[1435, 2686, 1572, 2846]",7
2025_02_13-15_03_46.jpg,"[1593, 2683, 1729, 2863]",6
2025_02_13-14_52_05.jpg,"[1587, 2663, 1762, 2828]",1
2025_02_13-14_51_49.jpg,"[1591, 2660, 1767, 2825]",1
2025_02_13-14_42_05.jpg,"[1586, 2731, 1822, 2937]",22
2025_02_13-14_38_57.jpg,"[1421, 2652, 1692, 2869]",21
2025_02_13-14_33_49.jpg,"[1421, 2672, 1665, 2874]",19
2025_02_13-14_33_30.jpg,"[1280, 2701, 1543, 2887]",18
2025_02_13-14_33_02.jpg,"[1644, 2692, 1887, 2860]",17
2025_02_13-14_23_44.jpg,"[1591, 2728, 1839, 2902]",14
2025_02_13-14_23_03.jpg,"[1656, 2642, 1888, 2825]",13
2025_02_13-14_19_18.jpg,"[1676, 2713, 1912, 2885]",?
2025_02_13-14_17_02.jpg,"[1571, 2697, 1720, 2877]",9
2025_02_13-14_16_05.jpg,"[1638, 2696, 1799, 2853]",7
2025_02_13-13_12_01.jpg,"[1437, 2691, 1568, 2839]",6
2025_02_13-13_11_26.jpg,"[1551, 2721, 1705, 2908]",5
2025_02_13-13_10_42.jpg,"[1596, 2709, 1733, 2872]",4
2025_02_13-13_08_17.jpg,"[1390, 2772, 1545, 2961]",3
2025_02_13-13_07_55.jpg,"[1357, 2704, 1498, 2890]",2
2025_02_13-13_07_26.jpg,"[1458, 2680, 1608, 2828]",1
2025_02_13-13_03_45.jpg,"[1589, 2678, 1825, 2882]",22
2025_02_13-13_03_32.jpg,"[1486, 2622, 1743, 2836]",21
2025_02_13-13_03_07.jpg,"[1465, 2698, 1707, 2891]",19
2025_02_13-13_02_55.jpg,"[1270, 2703, 1530, 2886]",18
2025_02_13-13_02_32.jpg,"[1603, 2707, 1840, 2873]",17
2025_02_13-13_01_34.jpg,"[1652, 2676, 1905, 2847]",14
2025_02_13-13_01_07.jpg,"[1661, 2637, 1896, 2817]",13
2025_02_13-13_00_36.jpg,"[1620, 2750, 1850, 2930]",11
2025_02_13-12_59_15.jpg,"[1683, 2765, 1833, 2923]",7
2025_02_13-12_58_52.jpg,"[1490, 2712, 1620, 2854]",6
2025_02_13-12_57_51.jpg,"[1531, 2770, 1683, 2957]",5
2025_02_13-12_55_08.jpg,"[1573, 2781, 1706, 2942]",4
2025_02_13-12_54_54.jpg,"[1372, 2793, 1538, 2981]",3
2025_02_13-12_54_44.jpg,"[1360, 2735, 1504, 2919]",2
2025_02_13-12_54_29.jpg,"[1471, 2721, 1625, 2872]",1
2025_02_13-12_53_43.jpg,"[1592, 2687, 1757, 2889]",8
2025_02_13-12_53_16.jpg,"[1682, 2728, 1864, 2910]",7
2025_02_13-12_52_53.jpg,"[1554, 2707, 1698, 2861]",6
2025_02_13-12_52_10.jpg,"[1613, 2672, 1796, 2858]",5
2025_02_13-12_51_18.jpg,"[1587, 2735, 1784, 2943]",4
2025_02_13-12_48_55.jpg,"[1350, 2743, 1518, 2913]",1
2025_02_13-12_44_03.jpg,"[1573, 2694, 1753, 2879]",3
2025_02_13-12_42_01.jpg,"[1571, 2734, 1762, 2939]",2
2025_02_13-12_37_05.jpg,"[1589, 2701, 1792, 2892]",8
2025_02_13-12_36_52.jpg,"[1664, 2681, 1844, 2879]",7
2025_02_13-12_36_34.jpg,"[1659, 2704, 1786, 2862]",6
2025_02_13-12_35_58.jpg,"[1625, 2736, 1816, 2905]",5
2025_02_13-12_34_06.jpg,"[1600, 2728, 1786, 2936]",4
2025_02_13-12_33_55.jpg,"[1584, 2706, 1762, 2898]",?
2025_02_13-12_33_38.jpg,"[1478, 2692, 1673, 2892]",2
2025_02_13-12_33_25.jpg,"[1447, 2663, 1612, 2844]",1
2025_02_13-12_26_41.jpg,"[1357, 2772, 1596, 2975]",21
2025_02_13-12_22_47.jpg,"[1644, 2735, 1861, 2912]",11
2025_02_13-12_17_36.jpg,"[1544, 2676, 1718, 2860]",7
2025_02_13-12_16_49.jpg,"[1628, 2751, 1801, 2904]",4
2025_02_13-12_16_14.jpg,"[1695, 2725, 1875, 2929]",2
2025_02_13-11_48_01.jpg,"[1306, 2741, 1534, 2941]",21
2025_02_13-11_07_06.jpg,"[1288, 2745, 1511, 2924]",12
2025_02_13-11_06_41.jpg,"[1622, 2792, 1853, 2966]",11
2025_02_13-11_04_59.jpg,"[1578, 2676, 1764, 2858]",7
2025_02_13-10_58_59.jpg,"[1597, 2713, 1752, 2868]",4
2025_02_13-10_55_56.jpg,"[1661, 2701, 1847, 2910]",2
2025_02_10-14_49_15.jpg,"[1270, 2736, 1424, 2935]",2
2025_02_10-14_43_59.jpg,"[1532, 2720, 1685, 2902]",7
2025_02_10-14_24_59.jpg,"[2484, 2020, 2764, 2275]",28
2025_02_07-14_23_59.jpg,"[1879, 2593, 2120, 2793]",28
2025_02_07-13_07_33.jpg,"[1570, 2684, 1815, 2840]",23
2025_02_07-12_57_20.jpg,"[1833, 2578, 2055, 2781]",18
2025_02_07-12_54_27.jpg,"[1453, 2652, 1607, 2807]",11
2025_02_07-12_53_54.jpg,"[1486, 2519, 1671, 2681]",10
2025_02_07-12_52_48.jpg,"[1616, 2659, 1779, 2838]",7
2025_02_07-12_45_49.jpg,"[1523, 2631, 1666, 2783]",4
2025_02_07-12_45_24.jpg,"[1519, 2658, 1684, 2866]",3
2025_02_07-12_44_33.jpg,"[1497, 2563, 1658, 2754]",1
2025_02_07-10_21_35.jpg,"[1942, 2546, 2181, 2744]",28
2025_02_07-10_14_54.jpg,"[1658, 2676, 1897, 2830]",23
2025_02_07-10_13_11.jpg,"[1821, 2608, 2040, 2806]",18
2025_02_07-10_11_00.jpg,"[1490, 2658, 1634, 2811]",11
2025_02_07-10_10_36.jpg,"[1514, 2554, 1703, 2718]",10
2025_02_07-10_09_37.jpg,"[1610, 2666, 1761, 2842]",7
2025_02_07-10_08_26.jpg,"[1538, 2651, 1700, 2857]",3
2025_02_07-10_07_53.jpg,"[1438, 2601, 1602, 2791]",1
2025_03_07-11_10_14.jpg,"[1601, 2707, 1768, 2852]",17
2025_03_07-11_10_02.jpg,"[1618, 2688, 1787, 2870]",16
2025_03_07-11_09_50.jpg,"[1573, 2665, 1765, 2848]",15
2025_03_07-11_09_38.jpg,"[1650, 2666, 1823, 2829]",14
2025_03_07-11_09_26.jpg,"[1495, 2688, 1663, 2871]",13
2025_03_07-11_09_13.jpg,"[1457, 2607, 1647, 2769]",12
2025_03_07-11_08_56.jpg,"[1507, 2613, 1645, 2762]",11
2025_03_07-11_08_42.jpg,"[1522, 2634, 1697, 2773]",10
2025_03_07-11_08_29.jpg,"[1491, 2590, 1612, 2731]",9
2025_03_07-11_08_10.jpg,"[1397, 2621, 1529, 2774]",8
2025_03_07-11_07_52.jpg,"[1538, 2656, 1737, 2827]",7
2025_03_07-11_07_41.jpg,"[1536, 2609, 1672, 2779]",6
2025_03_07-11_07_29.jpg,"[1473, 2631, 1631, 2796]",5
2025_03_07-11_07_20.jpg,"[1448, 2673, 1592, 2848]",4
2025_03_07-11_07_08.jpg,"[1509, 2683, 1654, 2840]",3
2025_03_07-11_06_57.jpg,"[1551, 2668, 1714, 2799]",2
2025_03_07-11_06_41.jpg,"[1632, 2676, 1771, 2838]",1
2025_03_07-11_04_10.jpg,"[1464, 2582, 1645, 2759]",17
2025_03_07-11_01_03.jpg,"[1564, 2606, 1754, 2852]",16
2025_03_07-11_00_07.jpg,"[1508, 2661, 1684, 2831]",15
2025_03_07-10_59_37.jpg,"[1705, 2688, 1858, 2862]",14
2025_03_07-10_58_45.jpg,"[1579, 2636, 1778, 2806]",13
2025_03_07-10_58_07.jpg,"[1579, 2651, 1773, 2815]",12
2025_03_07-10_57_27.jpg,"[1408, 2657, 1561, 2821]",11
2025_03_07-10_56_26.jpg,"[1376, 2607, 1569, 2787]",10
2025_03_07-10_52_23.jpg,"[1565, 2617, 1707, 2783]",9
2025_03_07-10_46_03.jpg,"[1512, 2637, 1678, 2832]",8
2025_03_07-10_45_28.jpg,"[1425, 2663, 1622, 2844]",7
2025_03_07-10_43_59.jpg,"[1512, 2644, 1645, 2819]",6
2025_03_07-10_43_44.jpg,,
2025_03_07-10_43_26.jpg,"[1541, 2632, 1698, 2802]",5
2025_03_07-10_42_34.jpg,"[1542, 2645, 1721, 2828]",4
2025_03_07-10_41_38.jpg,"[1409, 2723, 1534, 2855]",3
2025_03_07-10_40_05.jpg,"[1447, 2661, 1601, 2806]",2
2025_03_07-10_38_00.jpg,"[1544, 2699, 1692, 2872]",1
2025_03_07-10_20_36.jpg,"[1314, 2666, 1525, 2869]",44
2025_03_07-10_20_27.jpg,"[1786, 2638, 2013, 2832]",43
2025_03_07-10_20_01.jpg,"[1651, 2661, 1848, 2831]",42
2025_03_07-10_19_48.jpg,"[1669, 2704, 1833, 2869]",41
2025_03_07-10_19_39.jpg,"[1707, 2689, 1885, 2851]",40
2025_03_07-10_19_27.jpg,"[1462, 2655, 1648, 2816]",39
2025_03_07-10_19_18.jpg,"[1473, 2600, 1675, 2777]",38
2025_03_07-10_19_10.jpg,"[1390, 2648, 1574, 2805]",37
2025_03_07-10_19_02.jpg,"[1597, 2729, 1777, 2883]",36
2025_03_07-10_17_16.jpg,"[1415, 2552, 1619, 2721]",35
2025_03_07-10_17_07.jpg,"[1495, 2639, 1695, 2835]",34
2025_03_07-10_16_59.jpg,"[1550, 2665, 1737, 2841]",33
2025_03_07-10_16_48.jpg,"[1417, 2672, 1626, 2854]",32
2025_03_07-10_16_39.jpg,"[1566, 2686, 1734, 2845]",31
2025_03_07-10_16_31.jpg,"[1534, 2678, 1709, 2829]",30
2025_03_07-10_16_22.jpg,"[1635, 2687, 1875, 2865]",29
2025_03_07-10_16_04.jpg,"[1471, 2711, 1722, 2899]",28
2025_03_07-10_15_55.jpg,"[1450, 2615, 1663, 2792]",27
2025_03_07-10_15_17.jpg,"[1416, 2705, 1633, 2877]",26
2025_03_07-10_15_08.jpg,"[1282, 2721, 1462, 2870]",25
2025_03_07-10_14_55.jpg,"[1529, 2649, 1740, 2837]",24
2025_03_07-10_14_39.jpg,"[1408, 2666, 1609, 2828]",23
2025_03_07-10_14_17.jpg,"[1292, 2597, 1494, 2755]",22
2025_03_07-10_14_06.jpg,"[1539, 2580, 1737, 2756]",21
2025_03_07-10_13_56.jpg,"[1447, 2583, 1667, 2750]",20
2025_03_07-10_13_48.jpg,"[1442, 2704, 1612, 2869]",19
2025_03_07-10_13_35.jpg,"[1292, 2693, 1475, 2857]",18
2025_03_07-10_13_24.jpg,"[1425, 2729, 1609, 2889]",17
2025_03_07-10_13_14.jpg,"[1365, 2690, 1541, 2848]",16
2025_03_07-10_13_03.jpg,"[1383, 2500, 1562, 2657]",15
2025_03_07-10_12_37.jpg,"[1559, 2622, 1732, 2804]",14
2025_03_07-10_12_29.jpg,"[1561, 2604, 1741, 2781]",13
2025_03_07-10_12_20.jpg,"[1545, 2649, 1727, 2801]",12
2025_03_07-10_12_13.jpg,"[1558, 2611, 1702, 2760]",11
2025_03_07-10_12_05.jpg,"[1557, 2647, 1701, 2777]",10
2025_03_07-10_11_57.jpg,"[1574, 2676, 1719, 2835]",9
2025_03_07-10_11_48.jpg,"[1439, 2702, 1587, 2875]",8
2025_03_07-10_11_32.jpg,"[1484, 2668, 1635, 2827]",7
2025_03_07-10_11_23.jpg,"[1497, 2715, 1613, 2847]",6
2025_03_07-10_11_14.jpg,"[1448, 2665, 1585, 2830]",5
2025_03_07-10_11_03.jpg,"[1608, 2722, 1769, 2903]",4
2025_03_07-10_10_46.jpg,"[1496, 2621, 1667, 2793]",3
2025_03_07-10_10_38.jpg,"[1526, 2690, 1667, 2844]",2
2025_03_07-10_10_30.jpg,"[1544, 2688, 1649, 2820]",1
2025_03_07-10_09_45.jpg,"[1351, 2695, 1473, 2848]",6
2025_03_07-10_09_29.jpg,"[1582, 2703, 1699, 2833]",5
2025_03_07-10_09_21.jpg,"[1405, 2721, 1540, 2906]",4
2025_03_07-10_08_57.jpg,"[1370, 2722, 1482, 2869]",3
2025_03_07-10_08_02.jpg,"[1564, 2661, 1687, 2810]",2
2025_03_07-10_07_50.jpg,"[1513, 2654, 1668, 2844]",1
2025_03_07-09_35_43.jpg,"[1419, 2699, 1546, 2853]",6
2025_03_07-09_35_28.jpg,"[1621, 2665, 1754, 2811]",5
2025_03_07-09_35_11.jpg,"[1479, 2716, 1622, 2905]",4
2025_03_07-09_34_53.jpg,"[1452, 2734, 1570, 2883]",3
2025_03_07-09_34_29.jpg,"[1670, 2609, 1791, 2756]",2
2025_03_07-09_32_32.jpg,"[1718, 2597, 1849, 2743]",2
2025_03_07-09_31_54.jpg,"[1537, 2644, 1724, 2847]",1
2025_03_07-09_26_35.jpg,"[1281, 2717, 1490, 2916]",44
2025_03_07-09_26_12.jpg,"[1887, 2599, 2122, 2790]",43
2025_03_07-09_25_56.jpg,"[1648, 2583, 1853, 2768]",42
2025_03_07-09_25_38.jpg,"[1648, 2639, 1822, 2812]",41
2025_03_07-09_25_19.jpg,"[1713, 2676, 1900, 2838]",40
2025_03_07-09_25_01.jpg,"[1332, 2633, 1562, 2815]",39
2025_03_07-09_24_46.jpg,"[1401, 2686, 1624, 2871]",38
2025_03_07-09_24_30.jpg,"[1335, 2645, 1538, 2814]",37
2025_03_07-09_24_16.jpg,"[1500, 2654, 1724, 2842]",36
2025_03_07-09_24_01.jpg,"[1429, 2561, 1690, 2757]",35
2025_03_07-09_22_44.jpg,"[1380, 2615, 1605, 2798]",34
2025_03_07-09_20_34.jpg,"[1517, 2639, 1764, 2835]",33
2025_03_07-09_20_21.jpg,"[1457, 2660, 1654, 2817]",32
2025_03_07-09_20_04.jpg,"[1592, 2669, 1779, 2850]",31
2025_03_07-09_19_52.jpg,"[1287, 2767, 1485, 2921]",30
2025_03_07-09_19_26.jpg,"[1627, 2667, 1853, 2844]",29
2025_03_07-09_19_11.jpg,"[1612, 2678, 1863, 2868]",28
2025_03_07-09_18_55.jpg,"[1603, 2583, 1818, 2770]",27
2025_03_07-09_18_35.jpg,"[1435, 2618, 1654, 2797]",26
2025_03_07-09_18_19.jpg,"[1425, 2650, 1621, 2798]",25
2025_03_07-09_17_56.jpg,"[1610, 2623, 1822, 2811]",24
2025_03_07-09_17_36.jpg,"[1418, 2691, 1620, 2844]",23
2025_03_07-09_16_09.jpg,"[1518, 2631, 1725, 2793]",22
2025_03_07-09_15_54.jpg,"[1547, 2594, 1738, 2766]",21
2025_03_07-09_15_40.jpg,"[1482, 2549, 1700, 2716]",20
2025_03_07-09_15_26.jpg,"[1405, 2652, 1578, 2825]",19
2025_03_07-09_15_09.jpg,"[1287, 2702, 1471, 2864]",18
2025_03_07-09_14_53.jpg,"[1338, 2713, 1520, 2878]",17
2025_03_07-09_13_01.jpg,"[1339, 2677, 1510, 2841]",16
2025_03_07-09_12_38.jpg,"[1278, 2555, 1465, 2710]",15
2025_03_07-09_12_08.jpg,"[1441, 2617, 1614, 2797]",14
2025_03_07-09_11_49.jpg,"[1535, 2598, 1749, 2772]",13
2025_03_07-09_11_30.jpg,"[1500, 2684, 1671, 2840]",12
2025_03_07-09_11_12.jpg,"[1614, 2599, 1756, 2753]",11
2025_03_07-09_10_42.jpg,"[1539, 2618, 1713, 2769]",10
2025_03_07-09_10_18.jpg,"[1508, 2692, 1655, 2859]",9
2025_03_07-09_00_49.jpg,"[1515, 2625, 1665, 2795]",8
2025_03_07-09_00_29.jpg,"[1557, 2657, 1748, 2841]",7
2025_03_07-09_00_07.jpg,"[1459, 2679, 1596, 2859]",6
2025_03_07-08_59_48.jpg,"[1551, 2652, 1700, 2820]",5
2025_03_07-08_58_59.jpg,"[1569, 2645, 1725, 2834]",4
2025_03_07-08_58_41.jpg,"[1531, 2631, 1654, 2793]",3
2025_03_07-08_58_16.jpg,"[1470, 2672, 1620, 2837]",2
2025_03_07-08_58_00.jpg,"[1395, 2746, 1526, 2877]",1
2025_03_07-08_56_56.jpg,"[1498, 2750, 1619, 2876]",1
2025_03_06-16_08_12.jpg,"[1410, 2706, 1621, 2877]",45
2025_03_06-16_07_56.jpg,"[1637, 2759, 1821, 2898]",44
2025_03_06-16_07_44.jpg,"[1382, 2737, 1568, 2911]",43
2025_03_06-16_07_14.jpg,"[1327, 2753, 1529, 2923]",42
2025_03_06-16_06_59.jpg,"[1603, 2725, 1806, 2904]",41
2025_03_06-16_06_45.jpg,"[1550, 2661, 1779, 2842]",40
2025_03_06-16_06_29.jpg,"[1543, 2651, 1772, 2854]",39
2025_03_06-16_06_06.jpg,"[1607, 2651, 1817, 2838]",38
2025_03_06-16_05_53.jpg,"[1550, 2638, 1768, 2827]",37
2025_03_06-16_05_22.jpg,"[1410, 2657, 1634, 2839]",36
2025_03_06-16_05_00.jpg,"[1511, 2641, 1773, 2853]",35
2025_03_06-16_04_48.jpg,"[1522, 2656, 1753, 2837]",34
2025_03_06-16_04_11.jpg,"[1440, 2688, 1663, 2911]",33
2025_03_06-16_03_53.jpg,"[1579, 2621, 1841, 2831]",32
2025_03_06-16_03_41.jpg,"[1377, 2683, 1561, 2858]",31
2025_03_06-15_57_29.jpg,"[1487, 2688, 1719, 2864]",30
2025_03_06-15_57_13.jpg,"[1502, 2688, 1707, 2864]",29
2025_03_06-15_57_03.jpg,"[1529, 2677, 1743, 2855]",28
2025_03_06-15_56_50.jpg,"[1552, 2668, 1803, 2862]",27
2025_03_06-15_56_39.jpg,"[1509, 2697, 1706, 2873]",26
2025_03_06-15_56_25.jpg,"[1553, 2686, 1785, 2873]",25
2025_03_06-15_56_11.jpg,"[1542, 2669, 1723, 2843]",24
2025_03_06-15_56_00.jpg,"[1549, 2692, 1775, 2889]",23
2025_03_06-15_55_48.jpg,"[1562, 2754, 1780, 2935]",22
2025_03_06-15_55_37.jpg,"[1591, 2764, 1762, 2919]",21
2025_03_06-15_55_19.jpg,"[1588, 2740, 1806, 2913]",20
2025_03_06-15_55_08.jpg,"[1566, 2767, 1728, 2929]",19
2025_03_06-15_54_50.jpg,"[1516, 2712, 1678, 2875]",18
2025_03_06-15_54_36.jpg,"[1611, 2725, 1809, 2885]",17
2025_03_06-15_54_20.jpg,"[1502, 2664, 1691, 2841]",16
2025_03_06-15_47_23.jpg,"[1428, 2718, 1595, 2870]",15
2025_03_06-15_47_11.jpg,"[1487, 2695, 1664, 2862]",14
2025_03_06-15_46_46.jpg,"[1428, 2590, 1593, 2752]",13
2025_03_06-15_46_36.jpg,"[1393, 2692, 1561, 2859]",12
2025_03_06-15_46_25.jpg,"[1329, 2779, 1468, 2921]",11
2025_03_06-15_46_13.jpg,"[1340, 2679, 1543, 2852]",10
2025_03_06-15_45_53.jpg,"[1510, 2714, 1659, 2908]",9
2025_03_06-15_45_34.jpg,"[1696, 2697, 1839, 2869]",8
2025_03_06-15_45_15.jpg,"[1656, 2727, 1839, 2901]",7
2025_03_06-15_44_57.jpg,"[1552, 2656, 1671, 2791]",6
2025_03_06-15_44_42.jpg,"[1526, 2693, 1662, 2844]",5
2025_03_06-15_44_19.jpg,"[1579, 2714, 1716, 2856]",4
2025_03_06-15_44_05.jpg,"[1593, 2686, 1730, 2845]",3
2025_03_06-15_43_32.jpg,"[1528, 2674, 1690, 2860]",2
2025_03_06-15_43_03.jpg,"[1440, 2737, 1594, 2881]",1
2025_03_06-15_37_27.jpg,"[1399, 2723, 1604, 2891]",45
2025_03_06-15_37_02.jpg,"[1624, 2781, 1810, 2926]",44
2025_03_06-15_36_28.jpg,"[1320, 2801, 1556, 2987]",43
2025_03_06-15_35_55.jpg,"[1340, 2768, 1567, 2954]",42
2025_03_06-15_35_11.jpg,"[1604, 2718, 1809, 2895]",4
2025_03_06-15_34_48.jpg,"[1523, 2680, 1770, 2825]",40
2025_03_06-15_34_18.jpg,"[1511, 2699, 1745, 2905]",39
2025_03_06-15_34_02.jpg,"[1585, 2659, 1804, 2849]",38
2025_03_06-15_33_41.jpg,"[1519, 2676, 1734, 2868]",37
2025_03_06-15_33_15.jpg,"[1513, 2681, 1731, 2875]",36
2025_03_06-15_32_53.jpg,"[1496, 2681, 1757, 2895]",35
2025_03_06-15_32_33.jpg,"[1501, 2677, 1732, 2874]",34
2025_03_06-15_32_09.jpg,"[1358, 2651, 1580, 2859]",33
2025_03_06-15_31_49.jpg,"[1603, 2682, 1861, 2890]",32
2025_03_06-15_31_28.jpg,"[1392, 2695, 1582, 2873]",31
2025_03_06-15_28_03.jpg,"[1419, 2683, 1659, 2860]",30
2025_03_06-15_27_40.jpg,"[1523, 2720, 1735, 2903]",29
2025_03_06-15_27_20.jpg,"[1492, 2739, 1706, 2923]",28
2025_03_06-15_27_00.jpg,"[1549, 2741, 1808, 2944]",27
2025_03_06-15_26_41.jpg,"[1502, 2647, 1709, 2819]",26
2025_03_06-15_25_51.jpg,"[1540, 2676, 1786, 2877]",25
2025_03_06-15_25_27.jpg,"[1551, 2701, 1731, 2872]",24
2025_03_06-15_24_57.jpg,"[1588, 2719, 1822, 2923]",23
2025_03_06-15_24_38.jpg,"[1591, 2765, 1810, 2954]",22
2025_03_06-15_24_19.jpg,"[1633, 2756, 1815, 2913]",21
2025_03_06-15_24_03.jpg,"[1598, 2772, 1819, 2945]",20
2025_03_06-15_23_26.jpg,"[1539, 2792, 1699, 2945]",19
2025_03_06-15_22_54.jpg,"[1561, 2749, 1712, 2907]",18
2025_03_06-15_22_36.jpg,"[1637, 2792, 1823, 2946]",17
2025_03_06-15_20_50.jpg,"[1531, 2633, 1714, 2793]",16
2025_03_06-15_18_43.jpg,"[1441, 2738, 1595, 2889]",15
2025_03_06-15_18_25.jpg,"[1514, 2719, 1685, 2861]",14
2025_03_06-15_17_59.jpg,"[1415, 2635, 1581, 2800]",13
2025_03_06-15_17_24.jpg,"[1406, 2702, 1577, 2873]",12
2025_03_06-15_13_37.jpg,"[1419, 2714, 1591, 2884]",12
2025_03_06-15_12_59.jpg,"[1369, 2760, 1508, 2902]",11
2025_03_06-15_12_36.jpg,"[1405, 2724, 1607, 2894]",10
2025_03_06-15_12_15.jpg,"[1536, 2683, 1684, 2876]",9
2025_03_06-15_11_47.jpg,"[1636, 2741, 1784, 2912]",8
2025_03_06-15_11_25.jpg,"[1649, 2733, 1817, 2894]",7
2025_03_06-15_11_04.jpg,"[1546, 2671, 1663, 2808]",6
2025_03_06-15_10_42.jpg,"[1543, 2684, 1679, 2833]",5
2025_03_06-15_10_28.jpg,"[1552, 2752, 1705, 2911]",4
2025_03_06-15_09_42.jpg,"[1570, 2696, 1718, 2860]",3
2025_03_06-15_09_14.jpg,"[1543, 2659, 1700, 2821]",6
2025_03_06-15_08_50.jpg,"[1464, 2738, 1582, 2867]",1
2025_03_06-15_01_50.jpg,"[1517, 2674, 1797, 2868]",40
2025_03_06-15_01_35.jpg,"[1470, 2689, 1698, 2890]",39
2025_03_06-15_01_18.jpg,"[1537, 2701, 1795, 2914]",38
2025_03_06-15_01_04.jpg,"[1486, 2701, 1739, 2905]",37
2025_03_06-15_00_46.jpg,"[1567, 2706, 1814, 2901]",36
2025_03_06-15_00_18.jpg,"[1305, 2710, 1566, 2933]",35
2025_03_06-15_00_00.jpg,"[1463, 2684, 1691, 2874]",34
2025_03_06-14_59_46.jpg,"[1526, 2722, 1759, 2905]",33
2025_03_06-14_59_32.jpg,"[1423, 2688, 1684, 2895]",32
2025_03_06-14_59_21.jpg,"[1567, 2681, 1780, 2881]",31
2025_03_06-14_59_07.jpg,"[1455, 2676, 1687, 2846]",30
2025_03_06-14_58_54.jpg,"[1502, 2671, 1731, 2865]",29
2025_03_06-14_58_40.jpg,"[1613, 2705, 1859, 2884]",28
2025_03_06-14_58_26.jpg,"[1413, 2724, 1629, 2884]",27
2025_03_06-14_57_30.jpg,"[1568, 2677, 1813, 2876]",26
2025_03_06-14_57_17.jpg,"[1453, 2690, 1682, 2889]",25
2025_03_06-14_56_52.jpg,"[1620, 2768, 1830, 2935]",24
2025_03_06-14_56_36.jpg,"[1540, 2705, 1803, 2908]",23
2025_03_06-14_56_19.jpg,"[1491, 2667, 1721, 2879]",22
2025_03_06-14_55_47.jpg,"[1563, 2696, 1757, 2874]",21
2025_03_06-14_55_17.jpg,"[1473, 2686, 1756, 2890]",20
2025_03_06-14_55_04.jpg,"[1611, 2792, 1795, 2975]",19
2025_03_06-14_54_45.jpg,"[1506, 2734, 1714, 2903]",18
2025_03_06-14_54_24.jpg,"[1468, 2677, 1675, 2846]",17
2025_03_06-14_54_01.jpg,"[1361, 2773, 1509, 2916]",16
2025_03_06-14_53_36.jpg,"[1583, 2668, 1761, 2845]",15
2025_03_06-14_53_23.jpg,"[1314, 2707, 1483, 2880]",14
2025_03_06-14_53_06.jpg,"[1500, 2709, 1680, 2875]",13
2025_03_06-14_52_52.jpg,"[1553, 2637, 1735, 2810]",12
2025_03_06-14_52_38.jpg,"[1439, 2755, 1570, 2889]",11
2025_03_06-14_52_23.jpg,"[1577, 2766, 1775, 2916]",10
2025_03_06-14_51_58.jpg,"[1473, 2615, 1617, 2790]",9
2025_03_06-14_51_46.jpg,"[1472, 2615, 1617, 2791]",9
2025_03_06-14_51_32.jpg,"[1374, 2731, 1508, 2887]",8
2025_03_06-14_51_17.jpg,"[1552, 2725, 1707, 2899]",7
2025_03_06-14_49_38.jpg,"[1592, 2690, 1711, 2833]",6
2025_03_06-14_48_32.jpg,"[1559, 2730, 1695, 2881]",5
2025_03_06-14_44_55.jpg,"[1527, 2679, 1696, 2840]",4
2025_03_06-14_44_00.jpg,"[1696, 2707, 1861, 2895]",3
2025_03_06-14_42_39.jpg,"[1510, 2690, 1700, 2872]",2
2025_03_06-14_40_43.jpg,"[1476, 2769, 1576, 2912]",1
2025_03_06-14_14_27.jpg,"[1471, 2666, 1758, 2871]",40
2025_03_06-14_14_00.jpg,"[1478, 2674, 1714, 2878]",39
2025_03_06-14_13_37.jpg,"[1537, 2665, 1792, 2876]",38
2025_03_06-14_13_09.jpg,"[1502, 2685, 1753, 2894]",37
2025_03_06-14_12_31.jpg,"[1514, 2695, 1750, 2885]",36
2025_03_06-13_00_53.jpg,"[1340, 2736, 1599, 2950]",35
2025_03_06-13_00_30.jpg,"[1309, 2702, 1529, 2892]",34
2025_03_06-13_00_04.jpg,"[1538, 2703, 1777, 2890]",33
2025_03_06-12_59_30.jpg,"[1455, 2699, 1700, 2901]",32
2025_03_06-12_58_42.jpg,"[1497, 2700, 1710, 2896]",31
2025_03_06-12_57_36.jpg,"[1457, 2693, 1690, 2866]",30
2025_03_06-12_56_50.jpg,"[1507, 2642, 1743, 2847]",29
2025_03_06-12_55_51.jpg,"[1612, 2708, 1861, 2892]",28
2025_03_06-12_55_08.jpg,"[1437, 2707, 1643, 2863]",27
2025_03_06-12_54_40.jpg,"[1581, 2697, 1819, 2883]",26
2025_03_06-12_54_06.jpg,"[1648, 2727, 1864, 2905]",25
2025_03_06-12_53_42.jpg,,
2025_03_06-12_52_58.jpg,"[1636, 2724, 1859, 2906]",24
2025_03_06-12_52_21.jpg,"[1567, 2700, 1823, 2896]",23
2025_03_06-12_51_52.jpg,"[1478, 2628, 1709, 2847]",22
2025_03_06-12_51_23.jpg,"[1503, 2710, 1721, 2902]",21
2025_03_06-12_50_53.jpg,,
2025_03_06-12_50_23.jpg,"[1518, 2631, 1789, 2829]",20
2025_03_06-12_49_49.jpg,"[1641, 2755, 1823, 2940]",19
2025_03_06-12_49_12.jpg,"[1607, 2737, 1813, 2904]",18
2025_03_06-12_48_40.jpg,"[1480, 2711, 1692, 2909]",17
2025_03_06-12_47_56.jpg,"[1426, 2760, 1575, 2903]",16
2025_03_06-12_47_18.jpg,"[1586, 2682, 1776, 2859]",15
2025_03_06-12_46_30.jpg,"[1397, 2760, 1564, 2929]",14
2025_03_06-12_45_58.jpg,"[1476, 2716, 1663, 2875]",13
2025_03_06-12_45_19.jpg,"[1518, 2686, 1698, 2862]",12
2025_03_06-12_43_58.jpg,"[1453, 2749, 1581, 2863]",11
2025_03_06-12_43_23.jpg,"[1644, 2683, 1831, 2831]",10
2025_03_06-12_42_48.jpg,"[1465, 2650, 1617, 2840]",9
2025_03_06-12_42_12.jpg,"[1381, 2731, 1512, 2888]",8
2025_03_06-12_41_30.jpg,"[1497, 2739, 1658, 2893]",7
2025_03_06-12_41_06.jpg,"[1447, 2700, 1580, 2851]",6
2025_03_06-12_39_51.jpg,"[1570, 2722, 1700, 2865]",5
2025_03_06-12_39_23.jpg,"[1541, 2623, 1711, 2776]",4
2025_03_06-12_38_29.jpg,"[1655, 2688, 1829, 2901]",3
2025_03_06-12_37_43.jpg,"[1534, 2644, 1731, 2823]",2
2025_03_06-12_37_10.jpg,"[1431, 2744, 1547, 2881]",1
2025_03_06-12_32_16.jpg,"[1534, 2679, 1787, 2863]",20
2025_03_06-12_31_59.jpg,"[1342, 2705, 1502, 2862]",19
2025_03_06-12_31_26.jpg,"[1574, 2727, 1744, 2882]",18
2025_03_06-12_31_06.jpg,"[1543, 2689, 1740, 2868]",17
2025_03_06-12_30_54.jpg,"[1465, 2781, 1652, 2940]",16
2025_03_06-12_30_42.jpg,"[1300, 2719, 1477, 2878]",15
2025_03_06-12_30_14.jpg,"[1468, 2666, 1652, 2814]",14
2025_03_06-12_29_57.jpg,"[1503, 2709, 1674, 2867]",13
2025_03_06-12_29_29.jpg,"[1570, 2763, 1756, 2925]",12
2025_03_06-12_29_07.jpg,"[1569, 2769, 1723, 2916]",11
2025_03_06-12_28_46.jpg,"[1621, 2687, 1789, 2843]",10
2025_03_06-12_28_24.jpg,"[1509, 2695, 1676, 2896]",9
2025_03_06-12_28_08.jpg,"[1441, 2669, 1580, 2836]",8
2025_03_06-12_27_51.jpg,"[1530, 2721, 1700, 2882]",7
2025_03_06-12_27_27.jpg,"[1511, 2708, 1647, 2861]",6
2025_03_06-12_27_06.jpg,"[1573, 2617, 1698, 2759]",5
2025_03_06-12_26_52.jpg,"[1575, 2720, 1717, 2860]",4
2025_03_06-12_26_18.jpg,"[1618, 2699, 1775, 2866]",3
2025_03_06-12_26_05.jpg,"[1573, 2786, 1704, 2946]",2
2025_03_06-12_24_52.jpg,"[1411, 2734, 1525, 2876]",1
2025_03_06-12_10_24.jpg,"[1524, 2689, 1770, 2872]",20
2025_03_06-12_10_00.jpg,"[1347, 2725, 1510, 2885]",19
2025_03_06-12_09_20.jpg,"[1667, 2733, 1841, 2893]",18
2025_03_06-12_08_57.jpg,"[1564, 2692, 1765, 2879]",17
2025_03_06-12_08_37.jpg,"[1346, 2761, 1530, 2915]",16
2025_03_06-12_08_09.jpg,"[1474, 2696, 1670, 2870]",15
2025_03_06-12_07_31.jpg,"[1481, 2670, 1668, 2811]",14
2025_03_06-12_07_06.jpg,"[1568, 2690, 1743, 2862]",13
2025_03_06-12_06_39.jpg,"[1566, 2713, 1747, 2895]",12
2025_03_06-12_06_06.jpg,"[1581, 2725, 1737, 2873]",11
2025_03_06-12_05_37.jpg,"[1541, 2701, 1741, 2866]",10
2025_03_06-12_05_08.jpg,"[1420, 2663, 1599, 2869]",9
2025_03_06-12_04_41.jpg,"[1364, 2639, 1506, 2809]",8
2025_03_06-12_04_15.jpg,"[1506, 2708, 1684, 2869]",7
2025_03_06-12_03_49.jpg,"[1427, 2700, 1551, 2835]",6
2025_03_06-12_03_24.jpg,"[1640, 2615, 1766, 2763]",5
2025_03_06-12_02_52.jpg,"[1346, 2715, 1486, 2855]",4
2025_03_06-12_02_34.jpg,"[1506, 2709, 1679, 2884]",3
2025_03_06-11_57_09.jpg,"[1588, 2789, 1710, 2943]",2
2025_03_06-11_55_44.jpg,"[1460, 2763, 1580, 2884]",1
2025_03_06-11_52_09.jpg,"[1742, 2685, 1996, 2889]",38
2025_03_06-11_51_54.jpg,"[1446, 2717, 1645, 2898]",37
2025_03_06-11_51_34.jpg,"[1547, 2683, 1751, 2852]",36
2025_03_06-11_51_10.jpg,"[1576, 2669, 1803, 2870]",35
2025_03_06-11_50_40.jpg,"[1566, 2698, 1798, 2878]",34
2025_03_06-11_50_11.jpg,"[1616, 2734, 1856, 2931]",33
2025_03_06-11_49_47.jpg,"[1559, 2648, 1785, 2835]",32
2025_03_06-11_49_31.jpg,"[1590, 2724, 1788, 2908]",31
2025_03_06-11_49_06.jpg,"[1586, 2691, 1815, 2861]",30
2025_03_06-11_48_48.jpg,"[1534, 2669, 1758, 2858]",29
2025_03_06-11_48_15.jpg,"[1591, 2608, 1830, 2798]",28
2025_03_06-11_48_02.jpg,"[1372, 2694, 1633, 2901]",27
2025_03_06-11_47_43.jpg,"[1371, 2683, 1575, 2855]",26
2025_03_06-11_47_27.jpg,"[1203, 2688, 1443, 2897]",25
2025_03_06-11_46_33.jpg,"[1577, 2669, 1791, 2841]",24
2025_03_06-11_46_11.jpg,"[1334, 2703, 1568, 2879]",23
2025_03_06-11_45_57.jpg,"[1254, 2741, 1488, 2944]",22
2025_03_06-11_45_41.jpg,"[1328, 2775, 1513, 2940]",21
2025_03_06-11_45_19.jpg,"[1432, 2634, 1682, 2814]",20
2025_03_06-11_45_03.jpg,"[1512, 2744, 1684, 2919]",19
2025_03_06-11_44_51.jpg,"[1531, 2717, 1699, 2867]",18
2025_03_06-11_44_34.jpg,"[1554, 2741, 1729, 2891]",17
2025_03_06-11_44_21.jpg,"[1465, 2752, 1618, 2892]",16
2025_03_06-11_44_08.jpg,"[1594, 2704, 1780, 2868]",15
2025_03_06-11_43_36.jpg,"[1338, 2780, 1505, 2932]",14
2025_03_06-11_43_23.jpg,"[1329, 2755, 1505, 2932]",13
2025_03_06-11_43_06.jpg,"[1315, 2783, 1477, 2944]",12
2025_03_06-11_42_49.jpg,"[1343, 2806, 1488, 2959]",11
2025_03_06-11_42_27.jpg,"[1407, 2748, 1594, 2902]",10
2025_03_06-11_42_12.jpg,"[1330, 2726, 1454, 2885]",9
2025_03_06-11_41_45.jpg,"[1563, 2740, 1710, 2896]",8
2025_03_06-11_41_22.jpg,"[1653, 2795, 1804, 2934]",7
2025_03_06-11_41_04.jpg,"[1414, 2740, 1539, 2887]",6
2025_03_06-11_40_41.jpg,"[1336, 2725, 1469, 2877]",5
2025_03_06-11_40_25.jpg,"[1321, 2772, 1447, 2910]",4
2025_03_06-11_39_49.jpg,"[1589, 2759, 1730, 2932]",3
2025_03_06-11_39_29.jpg,"[1407, 2760, 1551, 2927]",2
2025_03_06-11_39_16.jpg,"[1385, 2765, 1518, 2902]",1
2025_03_06-11_17_41.jpg,"[1687, 2698, 1939, 2911]",38
2025_03_06-11_17_04.jpg,"[1563, 2720, 1764, 2903]",37
2025_03_06-11_16_39.jpg,"[1557, 2709, 1770, 2878]",36
2025_03_06-11_15_21.jpg,"[1496, 2633, 1724, 2842]",35
2025_03_06-11_14_46.jpg,"[1540, 2675, 1771, 2877]",34
2025_03_06-11_13_31.jpg,"[1562, 2750, 1834, 2954]",33
2025_03_06-11_13_12.jpg,"[1547, 2679, 1773, 2882]",32
2025_03_06-11_12_45.jpg,"[1635, 2729, 1835, 2910]",31
2025_03_06-11_12_17.jpg,"[1544, 2661, 1775, 2830]",30
2025_03_06-11_11_32.jpg,"[1549, 2625, 1776, 2822]",29
2025_03_06-11_11_08.jpg,"[1628, 2572, 1869, 2768]",28
2025_03_06-11_10_41.jpg,"[1284, 2654, 1547, 2857]",27
2025_03_06-11_10_11.jpg,"[1336, 2669, 1539, 2842]",26
2025_03_06-11_09_37.jpg,"[1293, 2690, 1530, 2893]",25
2025_03_06-11_09_15.jpg,"[1551, 2648, 1780, 2839]",24
2025_03_06-11_08_47.jpg,"[1342, 2675, 1567, 2860]",23
2025_03_06-11_08_18.jpg,"[1246, 2739, 1485, 2945]",22
2025_03_06-11_08_01.jpg,"[1246, 2695, 1434, 2868]",21
2025_03_06-11_07_44.jpg,"[1464, 2662, 1685, 2842]",20
2025_03_06-11_06_55.jpg,"[1553, 2698, 1724, 2875]",19
2025_03_06-11_06_32.jpg,"[1545, 2723, 1714, 2871]",18
2025_03_06-10_59_02.jpg,"[1574, 2701, 1748, 2852]",17
2025_03_06-10_54_19.jpg,"[1395, 2743, 1548, 2886]",16
2025_03_06-10_53_24.jpg,"[1549, 2657, 1737, 2821]",15
2025_03_06-10_50_53.jpg,"[1323, 2713, 1485, 2862]",14
2025_03_06-10_49_59.jpg,"[1278, 2699, 1452, 2876]",13
2025_03_06-10_49_26.jpg,"[1264, 2757, 1423, 2915]",12
2025_03_06-10_48_46.jpg,"[1325, 2762, 1475, 2910]",11
2025_03_06-10_48_08.jpg,"[1417, 2728, 1595, 2881]",10
2025_03_06-10_46_35.jpg,"[1260, 2721, 1387, 2879]",9
2025_03_06-10_44_24.jpg,"[1530, 2707, 1666, 2860]",8
2025_03_06-10_44_00.jpg,"[1598, 2758, 1774, 2910]",7
2025_03_06-10_42_10.jpg,"[1383, 2689, 1506, 2832]",6
2025_03_06-10_31_41.jpg,"[1367, 2690, 1494, 2844]",5
2025_03_06-10_31_07.jpg,"[1345, 2757, 1469, 2897]",4
2025_03_06-10_30_29.jpg,"[1558, 2769, 1689, 2933]",3
2025_03_06-10_29_58.jpg,"[1329, 2748, 1473, 2918]",2
2025_03_06-10_29_26.jpg,"[1368, 2683, 1482, 2816]",1
2025_03_05-16_00_02.jpg,"[1283, 2713, 1464, 2906]",13
2025_03_05-15_59_45.jpg,"[1445, 2665, 1637, 2843]",14
2025_03_05-15_59_29.jpg,"[1476, 2718, 1664, 2905]",15
2025_03_05-15_59_13.jpg,"[1476, 2710, 1630, 2852]",16
2025_03_05-15_58_56.jpg,"[1597, 2705, 1801, 2867]",17
2025_03_05-15_58_32.jpg,"[1463, 2662, 1628, 2822]",18
2025_03_05-15_46_58.jpg,"[1294, 2721, 1460, 2880]",19
2025_03_05-15_46_37.jpg,"[1334, 2692, 1567, 2851]",20
2025_03_05-15_46_14.jpg,"[1245, 2699, 1467, 2881]",21
2025_03_05-15_45_39.jpg,"[1348, 2668, 1656, 2868]",22
2025_03_05-15_38_22.jpg,"[1471, 2692, 1706, 2890]",24
2025_03_05-15_34_11.jpg,"[1422, 2690, 1650, 2881]",24
2025_03_05-15_33_55.jpg,"[1344, 2680, 1572, 2869]",23
2025_03_05-15_33_38.jpg,"[1413, 2646, 1632, 2827]",22
2025_03_05-15_33_24.jpg,"[1199, 2649, 1410, 2829]",21
2025_03_05-15_33_03.jpg,"[1396, 2718, 1620, 2878]",20
2025_03_05-15_32_46.jpg,"[1285, 2737, 1440, 2895]",19
2025_03_05-15_32_30.jpg,"[1439, 2694, 1596, 2843]",18
2025_03_05-15_32_16.jpg,"[1475, 2700, 1651, 2859]",17
2025_03_05-15_32_05.jpg,"[1457, 2717, 1617, 2864]",16
2025_03_05-15_31_51.jpg,"[1459, 2713, 1626, 2890]",15
2025_03_05-15_31_28.jpg,"[1452, 2667, 1643, 2847]",14
2025_03_05-15_31_15.jpg,"[1361, 2725, 1542, 2912]",13
2025_03_05-15_23_09.jpg,"[1192, 2718, 1356, 2888]",12
2025_03_05-15_22_38.jpg,"[1244, 2785, 1441, 2956]",11
2025_03_05-15_22_06.jpg,"[1531, 2731, 1730, 2894]",10
2025_03_05-15_21_36.jpg,"[1478, 2747, 1612, 2920]",9
2025_03_05-15_20_53.jpg,"[1387, 2736, 1539, 2903]",8
2025_03_05-15_20_27.jpg,"[1497, 2734, 1666, 2913]",7
2025_03_05-15_19_20.jpg,"[1454, 2742, 1577, 2887]",6
2025_03_05-15_18_53.jpg,"[1555, 2735, 1708, 2911]",5
2025_03_05-15_18_25.jpg,"[1470, 2737, 1618, 2899]",4
2025_03_05-15_17_53.jpg,"[1512, 2676, 1659, 2842]",3
2025_03_05-15_17_27.jpg,"[1468, 2699, 1627, 2883]",2
2025_03_05-15_17_02.jpg,"[1443, 2733, 1535, 2865]",1
2025_03_05-15_16_17.jpg,"[1515, 2728, 1620, 2859]",1
2025_03_05-14_57_29.jpg,"[1295, 2739, 1466, 2907]",12
2025_03_05-14_56_49.jpg,"[1282, 2803, 1417, 2944]",11
2025_03_05-14_56_33.jpg,"[1574, 2724, 1764, 2878]",10
2025_03_05-14_56_09.jpg,"[1522, 2742, 1667, 2919]",9
2025_03_05-14_55_42.jpg,"[1404, 2741, 1545, 2905]",8
2025_03_05-14_55_00.jpg,"[1561, 2706, 1727, 2878]",7
2025_03_05-14_54_37.jpg,"[1526, 2736, 1643, 2877]",6
2025_03_05-14_54_11.jpg,"[1567, 2727, 1722, 2906]",5
2025_03_05-14_53_56.jpg,"[1525, 2739, 1670, 2898]",4
2025_03_05-14_53_37.jpg,"[1519, 2700, 1664, 2866]",3
2025_03_05-14_53_15.jpg,"[1516, 2690, 1675, 2874]",2
2025_03_05-14_52_55.jpg,"[1434, 2700, 1556, 2840]",1
2025_03_05-14_44_46.jpg,"[1468, 2685, 1640, 2842]",10
2025_03_05-14_44_26.jpg,"[1540, 2724, 1681, 2894]",9
2025_03_05-14_44_03.jpg,"[1567, 2715, 1699, 2874]",8
2025_03_05-14_43_32.jpg,"[1584, 2728, 1726, 2881]",7
2025_03_05-14_43_11.jpg,"[1175, 2694, 1314, 2848]",6
2025_03_05-14_42_57.jpg,"[1388, 2687, 1542, 2855]",5
2025_03_05-14_42_06.jpg,"[1555, 2746, 1694, 2887]",4
2025_03_05-14_41_45.jpg,"[1422, 2710, 1573, 2880]",3
2025_03_05-14_41_19.jpg,"[1363, 2747, 1509, 2920]",2
2025_03_05-14_30_30.jpg,"[1326, 2727, 1467, 2892]",11
2025_03_05-14_29_59.jpg,"[1510, 2782, 1684, 2940]",10
2025_03_05-14_29_31.jpg,"[1598, 2731, 1761, 2903]",9
2025_03_05-14_28_55.jpg,"[1585, 2737, 1712, 2893]",8
2025_03_05-14_28_18.jpg,"[1487, 2733, 1690, 2898]",7
2025_03_05-14_27_50.jpg,"[1187, 2755, 1319, 2904]",6
2025_03_05-14_27_21.jpg,"[1427, 2763, 1585, 2910]",5
2025_03_05-14_26_44.jpg,"[1534, 2707, 1685, 2872]",4
2025_03_05-14_25_51.jpg,"[1355, 2735, 1489, 2890]",3
2025_03_05-14_25_06.jpg,"[1367, 2742, 1514, 2914]",2
2025_03_05-14_24_39.jpg,"[1592, 2800, 1726, 2946]",1
2025_03_03-15_45_39.jpg,,
2025_03_03-15_44_50.jpg,,
2025_03_03-15_44_13.jpg,,
2025_03_03-15_42_28.jpg,"[1306, 2722, 1499, 2889]",21
2025_03_03-15_41_34.jpg,"[1251, 2742, 1449, 2928]",21
2025_03_03-15_39_08.jpg,"[1388, 2678, 1601, 2849]",20
2025_03_03-15_37_47.jpg,"[1492, 2715, 1697, 2879]",20
2025_03_03-15_35_33.jpg,"[1353, 2654, 1513, 2800]",19
2025_03_03-15_34_18.jpg,"[1290, 2731, 1562, 2945]",19
2025_03_03-15_33_47.jpg,"[1292, 2731, 1555, 2941]",19
2025_03_03-15_32_37.jpg,"[1532, 2771, 1725, 2931]",17
2025_03_03-15_32_05.jpg,"[1511, 2769, 1674, 2925]",16
2025_03_03-15_31_43.jpg,"[1536, 2747, 1717, 2894]",15
2025_03_03-15_30_44.jpg,"[1303, 2718, 1483, 2886]",14
2025_03_03-15_30_27.jpg,"[1353, 2759, 1531, 2921]",13
2025_03_03-15_30_02.jpg,"[1270, 2750, 1426, 2916]",12
2025_03_03-15_29_32.jpg,"[1281, 2776, 1416, 2918]",11
2025_03_03-15_28_51.jpg,"[1248, 2775, 1435, 2921]",10
2025_03_03-15_27_51.jpg,"[1622, 2773, 1783, 2931]",8
2025_03_03-15_27_32.jpg,"[1510, 2784, 1654, 2938]",8
2025_03_03-15_27_04.jpg,"[1503, 2754, 1653, 2893]",7
2025_03_03-15_26_37.jpg,"[1550, 2698, 1665, 2827]",6
2025_03_03-15_26_03.jpg,"[1366, 2756, 1507, 2930]",5
2025_03_03-15_25_17.jpg,"[1516, 2743, 1661, 2904]",4
2025_03_03-15_24_11.jpg,"[1412, 2795, 1537, 2939]",3
2025_03_03-15_23_51.jpg,"[1412, 2795, 1537, 2939]",3
2025_03_03-15_22_39.jpg,"[1297, 2700, 1439, 2890]",2
2025_03_03-15_22_07.jpg,"[1429, 2557, 1590, 2755]",1
2025_03_03-15_20_42.jpg,"[1566, 2762, 1760, 2926]",18
2025_03_03-15_19_56.jpg,"[1597, 2775, 1781, 2927]",17
2025_03_03-15_19_34.jpg,"[1645, 2725, 1795, 2863]",16
2025_03_03-15_19_00.jpg,"[1676, 2754, 1842, 2896]",15
2025_03_03-15_18_13.jpg,"[1414, 2734, 1596, 2896]",14
2025_03_03-15_17_57.jpg,"[1367, 2723, 1548, 2887]",13
2025_03_03-15_16_47.jpg,"[1360, 2712, 1515, 2877]",12
2025_03_03-15_16_16.jpg,"[1428, 2721, 1564, 2858]",11
2025_03_03-15_14_03.jpg,"[1416, 2761, 1548, 2900]",11
2025_03_03-15_13_17.jpg,"[1314, 2801, 1471, 2947]",10
2025_03_03-15_12_33.jpg,"[1605, 2792, 1738, 2959]",9
2025_03_03-15_11_26.jpg,"[1598, 2776, 1737, 2931]",8
2025_03_03-15_10_24.jpg,"[1548, 2687, 1694, 2827]",7
2025_03_03-15_09_47.jpg,"[1691, 2721, 1807, 2853]",6
2025_03_03-15_08_15.jpg,"[1620, 2741, 1771, 2916]",5
2025_03_03-15_07_15.jpg,"[1603, 2712, 1743, 2871]",4
2025_03_03-15_04_54.jpg,"[1447, 2733, 1573, 2882]",3
2025_03_03-15_04_08.jpg,"[1406, 2660, 1547, 2845]",2
2025_03_03-15_03_16.jpg,"[1516, 2510, 1695, 2695]",1
2025_02_27-15_40_40.jpg,"[1343, 2552, 1625, 2787]",28
2025_02_27-15_40_10.jpg,"[1167, 2665, 1449, 2894]",27
2025_02_27-15_39_50.jpg,"[1627, 2633, 1930, 2896]",26
2025_02_27-15_39_34.jpg,"[1459, 2617, 1739, 2857]",25
2025_02_27-15_38_56.jpg,"[1260, 2662, 1539, 2874]",24
2025_02_27-15_38_34.jpg,"[1233, 2733, 1518, 2970]",23
2025_02_27-15_37_51.jpg,"[1274, 2733, 1537, 2955]",22
2025_02_27-15_37_24.jpg,"[1343, 2702, 1661, 2958]",21
2025_02_27-15_37_00.jpg,"[1515, 2772, 1827, 2947]",20
2025_02_27-15_36_02.jpg,"[1273, 2728, 1519, 2965]",19
2025_02_27-15_35_31.jpg,"[1280, 2728, 1502, 2902]",18
2025_02_27-15_19_18.jpg,"[1482, 2730, 1779, 2946]",17
2025_02_27-15_18_51.jpg,"[1304, 2634, 1557, 2838]",16
2025_02_27-15_18_19.jpg,"[1608, 2703, 1881, 2907]",15
2025_02_27-15_17_51.jpg,"[1457, 2674, 1743, 2894]",14
2025_02_27-15_17_27.jpg,"[1483, 2688, 1778, 2910]",13
2025_02_27-15_16_47.jpg,"[1286, 2690, 1590, 2940]",12
2025_02_27-15_16_20.jpg,"[1643, 2623, 1884, 2850]",11
2025_02_27-15_15_44.jpg,"[1559, 2692, 1869, 2912]",10
2025_02_27-15_14_56.jpg,"[1641, 2695, 1877, 2907]",9
2025_02_27-15_14_04.jpg,"[1488, 2684, 1700, 2910]",8
2025_02_27-15_13_30.jpg,"[1613, 2676, 1803, 2861]",7
2025_02_27-15_12_28.jpg,"[1602, 2699, 1785, 2884]",6
2025_02_27-15_11_52.jpg,"[1518, 2682, 1694, 2906]",5
2025_02_27-15_10_32.jpg,"[1612, 2711, 1786, 2885]",4
2025_02_27-15_09_52.jpg,"[1578, 2681, 1756, 2870]",3
2025_02_27-15_09_22.jpg,"[1628, 2707, 1794, 2907]",2
2025_02_27-15_08_30.jpg,"[1611, 2680, 1770, 2854]",1
2025_02_27-15_07_41.jpg,"[1289, 2579, 1577, 2805]",28
2025_02_27-15_07_20.jpg,"[1212, 2688, 1491, 2921]",27
2025_02_27-15_06_59.jpg,"[1508, 2677, 1811, 2932]",26
2025_02_27-15_06_48.jpg,"[1570, 2655, 1847, 2896]",25
2025_02_27-15_06_19.jpg,"[1332, 2682, 1596, 2890]",24
2025_02_27-15_05_50.jpg,"[1204, 2698, 1484, 2939]",23
2025_02_27-15_05_18.jpg,"[1293, 2741, 1559, 2966]",22
2025_02_27-15_04_59.jpg,"[1316, 2687, 1630, 2941]",21
2025_02_27-15_01_49.jpg,"[1537, 2746, 1850, 2953]",20
2025_02_27-15_01_35.jpg,"[1261, 2786, 1504, 2980]",19
2025_02_27-15_00_48.jpg,"[1384, 2727, 1582, 2899]",18
2025_02_27-14_43_02.jpg,"[1614, 2700, 1914, 2918]",17
2025_02_27-14_42_20.jpg,"[1296, 2638, 1553, 2840]",16
2025_02_27-14_42_06.jpg,"[1686, 2699, 1967, 2905]",15
2025_02_27-14_41_40.jpg,"[1539, 2648, 1824, 2875]",14
2025_02_27-14_41_18.jpg,"[1603, 2719, 1896, 2947]",13
2025_02_27-14_40_32.jpg,"[1249, 2679, 1569, 2926]",12
2025_02_27-14_40_15.jpg,"[1514, 2688, 1722, 2841]",11
2025_02_27-14_39_37.jpg,"[1620, 2662, 1927, 2878]",10
2025_02_27-14_38_27.jpg,"[1821, 2637, 2024, 2861]",9
2025_02_27-14_37_28.jpg,"[1503, 2675, 1735, 2924]",8
2025_02_27-14_36_37.jpg,"[1643, 2658, 1834, 2845]",7
2025_02_27-14_35_41.jpg,"[1579, 2706, 1752, 2916]",6
2025_02_27-14_35_07.jpg,"[1590, 2701, 1807, 2956]",5
2025_02_27-14_33_40.jpg,"[1661, 2746, 1835, 2914]",4
2025_02_27-14_33_20.jpg,"[1573, 2696, 1755, 2883]",3
2025_02_27-14_33_01.jpg,"[1610, 2704, 1776, 2904]",2
2025_02_27-14_32_13.jpg,"[1626, 2681, 1789, 2852]",1
2025_02_27-14_09_30.jpg,"[1670, 2349, 1907, 2577]",22
2025_02_27-14_08_48.jpg,"[1529, 2182, 1807, 2394]",21
2025_02_27-14_08_27.jpg,"[1386, 2597, 1708, 2852]",20
2025_02_27-14_08_06.jpg,"[1497, 2692, 1816, 2927]",19
2025_02_27-14_07_33.jpg,"[1134, 2758, 1371, 2939]",18
2025_02_27-14_06_58.jpg,"[1700, 2654, 2013, 2855]",17
2025_02_27-14_06_35.jpg,"[1513, 2692, 1781, 2878]",16
2025_02_27-14_06_13.jpg,"[1502, 2549, 1785, 2748]",15
2025_02_27-14_05_49.jpg,"[1544, 2667, 1845, 2883]",14
2025_02_27-14_05_25.jpg,"[1528, 2685, 1817, 2905]",13
2025_02_27-14_03_37.jpg,"[1386, 2573, 1661, 2800]",12
2025_02_27-14_01_41.jpg,"[1256, 2546, 1544, 2734]",11
2025_02_27-14_01_06.jpg,"[1630, 2737, 1889, 2916]",10
2025_02_27-14_00_39.jpg,"[1525, 2732, 1691, 2936]",9
2025_02_27-13_59_15.jpg,"[1326, 2730, 1499, 2920]",8
2025_02_27-13_58_46.jpg,"[1536, 2753, 1735, 2936]",7
2025_02_27-13_58_13.jpg,"[1265, 2692, 1421, 2864]",6
2025_02_27-13_57_48.jpg,"[1259, 2687, 1447, 2902]",5
2025_02_27-13_56_23.jpg,"[1259, 2652, 1454, 2869]",4
2025_02_27-13_56_00.jpg,"[1728, 2681, 1909, 2872]",3
2025_02_27-13_54_58.jpg,"[1626, 2674, 1799, 2896]",2
2025_02_27-13_54_36.jpg,"[1541, 2658, 1750, 2873]",1
2025_02_27-12_36_54.jpg,"[1627, 2304, 1864, 2531]",22
2025_02_27-12_35_50.jpg,"[1523, 2189, 1813, 2413]",21
2025_02_27-12_35_35.jpg,"[1422, 2574, 1750, 2831]",20
2025_02_27-12_35_17.jpg,"[1565, 2688, 1882, 2924]",19
2025_02_27-12_35_00.jpg,"[1115, 2754, 1354, 2940]",18
2025_02_27-12_34_00.jpg,"[1719, 2667, 2022, 2873]",17
2025_02_27-12_33_32.jpg,"[1576, 2681, 1833, 2863]",16
2025_02_27-12_33_14.jpg,"[1523, 2504, 1799, 2706]",15
2025_02_27-12_32_48.jpg,"[1573, 2628, 1876, 2848]",14
2025_02_27-12_32_31.jpg,"[1534, 2677, 1830, 2887]",13
2025_02_27-12_32_02.jpg,"[1445, 2539, 1716, 2764]",12
2025_02_27-12_31_40.jpg,"[1210, 2491, 1501, 2681]",11
2025_02_27-12_30_48.jpg,"[1657, 2701, 1915, 2871]",10
2025_02_27-12_29_43.jpg,"[1589, 2748, 1749, 2947]",9
2025_02_27-12_29_21.jpg,"[1271, 2699, 1451, 2902]",8
2025_02_27-12_28_58.jpg,"[1512, 2717, 1698, 2894]",7
2025_02_27-12_28_30.jpg,"[1256, 2695, 1415, 2865]",6
2025_02_27-12_28_13.jpg,"[1307, 2656, 1488, 2871]",5
2025_02_27-12_27_42.jpg,"[1286, 2647, 1475, 2858]",4
2025_02_27-12_27_22.jpg,"[1654, 2699, 1830, 2885]",3
2025_02_27-12_26_56.jpg,"[1633, 2674, 1810, 2897]",2
2025_02_27-12_26_37.jpg,"[1549, 2640, 1776, 2879]",1
2025_02_27-12_15_55.jpg,"[1526, 2632, 1704, 2832]",4
2025_02_27-12_15_32.jpg,"[1375, 2741, 1559, 2941]",3
2025_02_27-12_06_07.jpg,"[1645, 2722, 1815, 2906]",2
2025_02_27-12_05_37.jpg,"[1580, 2686, 1780, 2902]",1
2025_02_27-12_05_01.jpg,"[1581, 2688, 1755, 2866]",4
2025_02_27-12_04_31.jpg,"[1341, 2782, 1531, 2985]",3
2025_02_27-11_56_23.jpg,"[1581, 2696, 1757, 2874]",4
2025_02_27-11_56_05.jpg,"[1336, 2752, 1526, 2958]",3
2025_02_27-11_55_06.jpg,"[1695, 2744, 1857, 2928]",2
2025_02_27-11_54_07.jpg,"[1604, 2674, 1806, 2887]",1
